surface,canonical,type,language
pitaka,wallet,item,fil
susi,key,item,fil
payong,umbrella,item,fil
relo,watch,item,fil
orasan,watch,item,fil
salamin,eyeglasses,item,fil
sapatos,shoes,item,fil
tsinelas,slippers,item,fil
selpon,phone,item,taglish
cellphone,phone,item,taglish
cp,phone,abbreviation,taglish
itim,black,color,fil
puti,white,color,fil
pula,red,color,fil
asul,blue,color,fil
berde,green,color,fil
dilaw,yellow,color,fil
kayumanggi,brown,color,fil
abo,gray,color,fil
balat,leather,material,fil
plastik,plastic,material,fil
tela,cloth,material,fil
blk,black,abbreviation,en
wht,white,abbreviation,en
